Location,Name,Frequency,Duplex,Offset,Tone,rToneFreq,cToneFreq,DtcsCode,DtcsPolarity,RxDtcsCode,CrossMode,Mode,TStep,Skip,Power,Comment,URCALL,RPT1CALL,RPT2CALL,DVCODE
1,CUP 1-1,463.237500,off,0.000000,DTCS,88.5,88.5,532,NN,532,Tone->Tone,NFM,5.00,,5.0W,,,,,
2,CUP 2-1,464.187500,off,0.000000,DTCS,88.5,88.5,226,NN,226,Tone->Tone,NFM,5.00,,5.0W,,,,,
3,CUP 3-1,469.012500,off,0.000000,DTCS,88.5,88.5,131,NN,131,Tone->Tone,NFM,5.00,,5.0W,,,,,
4,CUP 4-1,468.650000,off,0.000000,DTCS,88.5,88.5,25,NN,25,Tone->Tone,NFM,5.00,,5.0W,,,,,
5,CUP 5-1,465.862500,off,0.000000,DTCS,88.5,88.5,565,NN,565,Tone->Tone,NFM,5.00,,5.0W,,,,,
6,CUP 6-1,466.275000,off,0.000000,DTCS,88.5,88.5,43,NN,43,Tone->Tone,NFM,5.00,,5.0W,,,,,
7,CUP 7-1,469.587500,off,0.000000,TSQL,88.5,97.4,023,NN,023,Tone->Tone,NFM,5.00,,5.0W,,,,,
8,CUP 8-1,468.600000,off,0.000000,DTCS,88.5,88.5,315,NN,315,Tone->Tone,NFM,5.00,,5.0W,,,,,
9,CUP 9-1,461.987500,off,0.000000,DTCS,88.5,88.5,143,NN,143,Tone->Tone,NFM,5.00,,5.0W,,,,,
10,CUP 10-1,465.112500,off,0.000000,DTCS,88.5,88.5,411,NN,411,Tone->Tone,NFM,5.00,,5.0W,,,,,
11,CUP 11-1,467.475000,off,0.000000,DTCS,88.5,88.5,632,NN,632,Tone->Tone,NFM,5.00,,5.0W,,,,,
12,CUP 12-1,464.700000,off,0.000000,DTCS,88.5,88.5,712,NN,712,Tone->Tone,NFM,5.00,,5.0W,,,,,
13,CUP13-1,469.375000,off,0.000000,DTCS,88.5,88.5,306,NN,306,Tone->Tone,NFM,5.00,,5.0W,,,,,
14,CUP 14-1,468.087500,off,0.000000,DTCS,88.5,88.5,315,NN,315,Tone->Tone,NFM,5.00,,5.0W,,,,,
15,CUP 15-1,461.250000,off,0.000000,DTCS,88.5,88.5,532,NN,532,Tone->Tone,NFM,5.00,,5.0W,,,,,
16,CUP 16-1,467.987500,off,0.000000,DTCS,88.5,88.5,223,NN,223,Tone->Tone,NFM,5.00,,5.0W,,,,,
17,CUP 17-1,460.950000,off,0.000000,TSQL,88.5,85.4,023,NN,023,Tone->Tone,NFM,5.00,,5.0W,,,,,
19,CUP 19-1,458.175000,off,0.000000,DTCS,88.5,88.5,155,NN,155,Tone->Tone,NFM,5.00,,5.0W,,,,,
20,CUP 20-1,466.012500,off,0.000000,DTCS,88.5,88.5,506,NN,506,Tone->Tone,NFM,5.00,,5.0W,,,,,
21,CUP 21-1,465.887500,off,0.000000,TSQL,88.5,225.7,023,NN,023,Tone->Tone,NFM,5.00,,5.0W,,,,,
22,CUP 22-1,464.825000,off,0.000000,DTCS,88.5,88.5,32,NN,32,Tone->Tone,NFM,5.00,,5.0W,,,,,
23,CUP 23-1,463.087500,off,0.000000,DTCS,88.5,88.5,546,NN,546,Tone->Tone,NFM,5.00,,5.0W,,,,,
24,CUP 24-1,453.050000,off,0.000000,TSQL,88.5,82.5,023,NN,023,Tone->Tone,NFM,5.00,,5.0W,,,,,
27,CUP 27-1,460.475000,off,0.000000,TSQL,88.5,203.5,023,NN,023,Tone->Tone,NFM,5.00,,5.0W,,,,,
30,MRN-2,454.200000,off,0.000000,TSQL,88.5,74.4,023,NN,023,Tone->Tone,NFM,5.00,,5.0W,,,,,
33,CUP 33-1,469.637500,off,0.000000,DTCS,88.5,88.5,116,NN,116,Tone->Tone,NFM,5.00,,5.0W,,,,,
34,CUP 34-1,467.112500,off,0.000000,DTCS,88.5,88.5,624,NN,624,Tone->Tone,NFM,5.00,,5.0W,,,,,
35,CUP 35-1,458.664000,off,0.000000,DTCS,88.5,88.5,664,NN,664,Tone->Tone,NFM,5.00,,5.0W,,,,,
36,CUP 36-1,467.850000,off,0.000000,DTCS,88.5,88.5,351,NN,351,Tone->Tone,NFM,5.00,,5.0W,,,,,
38,CUP 38-1,463.312500,off,0.000000,DTCS,88.5,88.5,703,NN,703,Tone->Tone,NFM,5.00,,5.0W,,,,,
40,CUP 40-1,457.987500,off,0.000000,DTCS,88.5,88.5,343,NN,343,Tone->Tone,NFM,5.00,,5.0W,,,,,
41,CUP 41-1,469.137500,off,0.000000,DTCS,88.5,88.5,251,NN,251,Tone->Tone,NFM,5.00,,5.0W,,,,,
42,CUP 42-1,460.162500,off,0.000000,DTCS,88.5,88.5,331,NN,331,Tone->Tone,NFM,5.00,,5.0W,,,,,
43,CUP 43-1,463.337500,off,0.000000,DTCS,88.5,88.5,243,NN,243,Tone->Tone,NFM,5.00,,5.0W,,,,,
44,MRN-1,454.000000,off,0.000000,TSQL,88.5,91.5,023,NN,023,Tone->Tone,NFM,5.00,,5.0W,,,,,
45,CUP 45-1,467.537500,off,0.000000,DTCS,88.5,88.5,743,NN,743,Tone->Tone,NFM,5.00,,5.0W,,,,,
47,CUP 47-1,457.650000,off,0.000000,DTCS,88.5,88.5,134,NN,134,Tone->Tone,NFM,5.00,,5.0W,,,,,
48,CUP 48-1,451.200000,off,0.000000,DTCS,88.5,88.5,244,NN,244,Tone->Tone,NFM,5.00,,5.0W,,,,,
50,CUP 50-1,460.912500,off,0.000000,DTCS,88.5,88.5,114,NN,114,Tone->Tone,NFM,5.00,,5.0W,,,,,
51,CUP 51-1,466.225000,off,0.000000,DTCS,88.5,88.5,516,NN,516,Tone->Tone,NFM,5.00,,5.0W,,,,,
54,CUP 54-1,467.450000,off,0.000000,DTCS,88.5,88.5,734,NN,734,Tone->Tone,NFM,5.00,,5.0W,,,,,
55,CUP 55-1,461.587500,off,0.000000,TSQL,88.5,127.3,023,NN,023,Tone->Tone,NFM,5.00,,5.0W,,,,,
60,CUP 60-1,468.950000,off,0.000000,TSQL,88.5,94.8,023,NN,023,Tone->Tone,NFM,5.00,,5.0W,,,,,
62,CUP 62-1,451.325000,off,0.000000,TSQL,88.5,103.5,023,NN,023,Tone->Tone,NFM,5.00,,5.0W,,,,,
63,QUALIFYING,451.575000,off,0.000000,DTCS,88.5,88.5,251,NN,251,Tone->Tone,NFM,5.00,,5.0W,,,,,
66,CUP 66-1,458.537500,off,0.000000,DTCS,88.5,88.5,654,NN,654,Tone->Tone,NFM,5.00,,5.0W,,,,,
67,CUP 67-1,467.812500,off,0.000000,DTCS,88.5,88.5,371,NN,371,Tone->Tone,NFM,5.00,,5.0W,,,,,
71,CUP 71-1,459.037500,off,0.000000,DTCS,88.5,88.5,365,NN,365,Tone->Tone,NFM,5.00,,5.0W,,,,,
77,CUP 77-1,458.212500,off,0.000000,TSQL,88.5,233.6,023,NN,023,Tone->Tone,NFM,5.00,,5.0W,,,,,
78,CUP 78-1,467.750000,off,0.000000,TSQL,88.5,131.8,023,NN,023,Tone->Tone,NFM,5.00,,5.0W,,,,,
84,CUP 84-1,460.237500,off,0.000000,TSQL,88.5,192.8,023,NN,023,Tone->Tone,NFM,5.00,,5.0W,,,,,
88,CUP 88-1,460.337500,off,0.000000,DTCS,88.5,88.5,23,NN,23,Tone->Tone,NFM,5.00,,5.0W,,,,,
91,CUP 91-1,465.437500,off,0.000000,DTCS,88.5,88.5,311,NN,311,Tone->Tone,NFM,5.00,,5.0W,,,,,
99,CUP-99,465.387500,off,0.000000,DTCS,88.5,88.5,226,NN,226,Tone->Tone,NFM,5.00,,5.0W,,,,,
100,NAS 1,461.200000,off,0.000000,DTCS,88.5,88.5,432,NN,432,Tone->Tone,NFM,5.00,,5.0W,,,,,
101,CUP 1-2,469.387500,off,0.000000,TSQL,88.5,186.2,023,NN,023,Tone->Tone,NFM,5.00,,5.0W,,,,,
102,CUP 2-2,468.887500,off,0.000000,DTCS,88.5,88.5,412,NN,412,Tone->Tone,NFM,5.00,,5.0W,,,,,
103,CUP 3-2,467.375000,off,0.000000,DTCS,88.5,88.5,261,NN,261,Tone->Tone,NFM,5.00,,5.0W,,,,,
104,CUP 4-2,463.962500,off,0.000000,TSQL,88.5,69.3,023,NN,023,Tone->Tone,NFM,5.00,,5.0W,,,,,
105,CUP 5-2,458.762500,off,0.000000,DTCS,88.5,88.5,245,NN,245,Tone->Tone,NFM,5.00,,5.0W,,,,,
106,CUP 6-2,461.350000,off,0.000000,DTCS,88.5,88.5,72,NN,72,Tone->Tone,NFM,5.00,,5.0W,,,,,
107,CUP 7-2,468.675000,off,0.000000,DTCS,88.5,88.5,464,NN,464,Tone->Tone,NFM,5.00,,5.0W,,,,,
108,CUP 8-2,457.675000,off,0.000000,DTCS,88.5,88.5,311,NN,311,Tone->Tone,NFM,5.00,,5.0W,,,,,
109,CUP 9-2,464.425000,off,0.000000,DTCS,88.5,88.5,445,NN,445,Tone->Tone,NFM,5.00,,5.0W,,,,,
110,CUP 10-2,462.962500,off,0.000000,TSQL,88.5,118.8,023,NN,023,Tone->Tone,NFM,5.00,,5.0W,,,,,
111,CUP 11-2,462.425000,off,0.000000,DTCS,88.5,88.5,165,NN,165,Tone->Tone,NFM,5.00,,5.0W,,,,,
112,CUP 12-2,464.925000,off,0.000000,TSQL,88.5,88.5,023,NN,023,Tone->Tone,NFM,5.00,,5.0W,,,,,
114,CUP 14-2,469.737500,off,0.000000,DTCS,88.5,88.5,74,NN,74,Tone->Tone,NFM,5.00,,5.0W,,,,,
115,CUP 15-2,466.400000,off,0.000000,DTCS,88.5,88.5,114,NN,114,Tone->Tone,NFM,5.00,,5.0W,,,,,
116,CUP 16-2,462.750000,off,0.000000,DTCS,88.5,88.5,315,NN,315,Tone->Tone,NFM,5.00,,5.0W,,,,,
117,CUP 17-2,462.200000,off,0.000000,DTCS,88.5,88.5,723,NN,723,Tone->Tone,NFM,5.00,,5.0W,,,,,
119,CUP 19-2,462.275000,off,0.000000,,88.5,88.5,023,NN,023,Tone->Tone,NFM,5.00,,5.0W,,,,,
120,CUP 20-2,462.475000,off,0.000000,DTCS,88.5,88.5,413,NN,413,Tone->Tone,NFM,5.00,,5.0W,,,,,
121,CUP 21-2,463.037500,off,0.000000,DTCS,88.5,88.5,205,NN,205,Tone->Tone,NFM,5.00,,5.0W,,,,,
122,CUP 22-2,464.825000,off,0.000000,DTCS,88.5,88.5,32,NN,32,Tone->Tone,NFM,5.00,,5.0W,,,,,
123,CUP 23-2,451.125000,off,0.000000,DTCS,88.5,88.5,466,NN,466,Tone->Tone,NFM,5.00,,5.0W,,,,,
124,CUP 24-2,456.887500,off,0.000000,DTCS,88.5,88.5,423,NN,423,Tone->Tone,NFM,5.00,,5.0W,,,,,
127,CUP 27-2,458.087500,off,0.000000,TSQL,88.5,192.8,023,NN,023,Tone->Tone,NFM,5.00,,5.0W,,,,,
133,CUP 33-2,467.375000,off,0.000000,DTCS,88.5,88.5,261,NN,261,Tone->Tone,NFM,5.00,,5.0W,,,,,
134,CUP 34-2,463.300000,off,0.000000,DTCS,88.5,88.5,65,NN,65,Tone->Tone,NFM,5.00,,5.0W,,,,,
135,CUP 35-2,461.150000,off,0.000000,DTCS,88.5,88.5,265,NN,265,Tone->Tone,NFM,5.00,,5.0W,,,,,
136,CUP 36-2,469.100000,off,0.000000,DTCS,88.5,88.5,143,NN,143,Tone->Tone,NFM,5.00,,5.0W,,,,,
138,CUP 38-2,461.837500,off,0.000000,DTCS,88.5,88.5,546,NN,546,Tone->Tone,NFM,5.00,,5.0W,,,,,
140,CUP 40-2,458.837500,off,0.000000,DTCS,88.5,88.5,162,NN,162,Tone->Tone,NFM,5.00,,5.0W,,,,,
141,CUP 41-2,466.500000,off,0.000000,DTCS,88.5,88.5,47,NN,47,Tone->Tone,NFM,5.00,,5.0W,,,,,
142,CUP 42-2,462.812500,off,0.000000,DTCS,88.5,88.5,546,NN,546,Tone->Tone,NFM,5.00,,5.0W,,,,,
143,CUP 43-3,464.312500,off,0.000000,DTCS,88.5,88.5,465,NN,465,Tone->Tone,NFM,5.00,,5.0W,,,,,
144,CUP 44-2,456.637500,off,0.000000,TSQL,88.5,254.1,023,NN,023,Tone->Tone,NFM,5.00,,5.0W,,,,,
145,CUP 45-2,463.150000,off,0.000000,TSQL,88.5,241.8,023,NN,023,Tone->Tone,NFM,5.00,,5.0W,,,,,
147,CUP 47-2,458.650000,off,0.000000,DTCS,88.5,88.5,162,NN,162,Tone->Tone,NFM,5.00,,5.0W,,,,,
148,CUP 48-2,457.912500,off,0.000000,DTCS,88.5,88.5,754,NN,754,Tone->Tone,NFM,5.00,,5.0W,,,,,
150,CUP 50-2,457.812500,off,0.000000,DTCS,88.5,88.5,245,NN,245,Tone->Tone,NFM,5.00,,5.0W,,,,,
151,CUP 51-2,451.562500,off,0.000000,DTCS,88.5,88.5,115,NN,115,Tone->Tone,NFM,5.00,,5.0W,,,,,
154,CUP 54-2,462.500000,off,0.000000,DTCS,88.5,88.5,31,NN,31,Tone->Tone,NFM,5.00,,5.0W,,,,,
155,CUP 55-2,456.587500,off,0.000000,TSQL,88.5,173.8,023,NN,023,Tone->Tone,NFM,5.00,,5.0W,,,,,
160,CUP 60-2,463.450000,off,0.000000,TSQL,88.5,254.1,023,NN,023,Tone->Tone,NFM,5.00,,5.0W,,,,,
162,CUP 62-2,467.887500,off,0.000000,DTCS,88.5,88.5,51,NN,51,Tone->Tone,NFM,5.00,,5.0W,,,,,
166,CUP 66-2,467.687500,off,0.000000,DTCS,88.5,88.5,565,NN,565,Tone->Tone,NFM,5.00,,5.0W,,,,,
167,CUP 67-2,451.237500,off,0.000000,DTCS,88.5,88.5,251,NN,251,Tone->Tone,NFM,5.00,,5.0W,,,,,
171,CUP 71-2,453.637500,off,0.000000,TSQL,88.5,167.9,023,NN,023,Tone->Tone,NFM,5.00,,5.0W,,,,,
177,CUP 77-2,465.162500,off,0.000000,TSQL,88.5,100.0,023,NN,023,Tone->Tone,NFM,5.00,,5.0W,,,,,
178,CUP 78-2,468.962500,off,0.000000,DTCS,88.5,88.5,343,NN,343,Tone->Tone,NFM,5.00,,5.0W,,,,,
184,CUP 84-2,467.500000,off,0.000000,DTCS,88.5,88.5,503,NN,503,Tone->Tone,NFM,5.00,,5.0W,,,,,
188,CUP 88-2,463.825000,off,0.000000,TSQL,88.5,141.3,023,NN,023,Tone->Tone,NFM,5.00,,5.0W,,,,,
191,CUP 91-2,466.300000,off,0.000000,TSQL,88.5,103.5,023,NN,023,Tone->Tone,NFM,5.00,,5.0W,,,,,
199,CUP 99-2,469.812500,off,0.000000,TSQL,88.5,206.5,023,NN,023,Tone->Tone,Auto,5.00,,5.0W,,,,,
200,NAS 2,464.600000,off,0.000000,DTCS,88.5,88.5,631,NN,631,Tone->Tone,NFM,5.00,,5.0W,,,,,
201,NXS 1-1,468.912500,off,0.000000,DTCS,88.5,88.5,205,NN,205,Tone->Tone,NFM,5.00,,5.0W,,,,,
202,NXS 2-1,469.237500,off,0.000000,DTCS,88.5,88.5,631,NN,631,Tone->Tone,NFM,5.00,,5.0W,,,,,
203,NXS 07-1,466.312500,off,0.000000,DTCS,88.5,88.5,172,NN,172,Tone->Tone,NFM,5.00,,5.0W,,,,,
204,NXS 4-1,467.187500,off,0.000000,DTCS,88.5,88.5,351,NN,351,Tone->Tone,NFM,5.00,,5.0W,,,,,
205,NXS 5-1,459.612500,off,0.000000,TSQL,88.5,250.3,023,NN,023,Tone->Tone,NFM,5.00,,5.0W,,,,,
206,NXS 6-1,458.812500,off,0.000000,DTCS,88.5,88.5,503,NN,503,Tone->Tone,NFM,5.00,,5.0W,,,,,
207,NXS 7-1,468.862500,off,0.000000,TSQL,88.5,203.5,023,NN,023,Tone->Tone,NFM,5.00,,5.0W,,,,,
208,NXS 8-1,462.787500,off,0.000000,TSQL,88.5,192.8,023,NN,023,Tone->Tone,NFM,5.00,,5.0W,,,,,
209,NXS 9-1,457.887500,off,0.000000,TSQL,88.5,206.5,023,NN,023,Tone->Tone,NFM,5.00,,5.0W,,,,,
210,NXS 10-1,467.987500,off,0.000000,DTCS,88.5,88.5,223,NN,223,Tone->Tone,NFM,5.00,,5.0W,,,,,
211,NXS 11-1,466.137500,off,0.000000,DTCS,88.5,88.5,371,NN,371,Tone->Tone,NFM,5.00,,5.0W,,,,,
212,NXS 00-1,468.287500,off,0.000000,TSQL,88.5,186.2,023,NN,023,Tone->Tone,NFM,5.00,,5.0W,,,,,
214,NXS 14-1,463.637500,off,0.000000,DTCS,88.5,88.5,143,NN,143,Tone->Tone,NFM,5.00,,5.0W,,,,,
216,NXS 16-1,468.025000,off,0.000000,TSQL,88.5,71.9,023,NN,023,Tone->Tone,NFM,5.00,,5.0W,,,,,
217,NXS 17-1,457.987500,off,0.000000,DTCS,88.5,88.5,343,NN,343,Tone->Tone,NFM,5.00,,5.0W,,,,,
218,NXS 18-1,464.787500,off,0.000000,DTCS,88.5,88.5,624,NN,624,Tone->Tone,NFM,5.00,,5.0W,,,,,
219,NXS 19-1,466.012500,off,0.000000,DTCS,88.5,88.5,506,NN,506,Tone->Tone,NFM,5.00,,5.0W,,,,,
220,NXS 20-1,461.862500,off,0.000000,DTCS,88.5,88.5,152,NN,152,Tone->Tone,NFM,5.00,,5.0W,,,,,
221,NXS 21-1,456.862500,off,0.000000,TSQL,88.5,151.4,023,NN,023,Tone->Tone,NFM,5.00,,5.0W,,,,,
224,NXS 24-1,453.075000,off,0.000000,DTCS,88.5,88.5,445,NN,445,Tone->Tone,NFM,5.00,,5.0W,,,,,
225,NXS 25-1,468.825000,off,0.000000,TSQL,88.5,233.6,023,NN,023,Tone->Tone,NFM,5.00,,5.0W,,,,,
226,NXS 26-1,451.637500,off,0.000000,DTCS,88.5,88.5,271,NN,271,Tone->Tone,NFM,5.00,,5.0W,,,,,
227,NXS 27-1,459.375000,off,0.000000,DTCS,88.5,88.5,223,NN,223,Tone->Tone,NFM,5.00,,5.0W,,,,,
228,NXS 28-1,452.087500,off,0.000000,DTCS,88.5,88.5,311,NN,311,Tone->Tone,NFM,5.00,,5.0W,,,,,
229,NXS 29-1,460.637500,off,0.000000,DTCS,88.5,88.5,261,NN,261,Tone->Tone,NFM,5.00,,5.0W,,,,,
230,NXS 30-1,452.425000,off,0.000000,TSQL,88.5,233.6,023,NN,023,Tone->Tone,NFM,5.00,,5.0W,,,,,
231,NXS 31-1,467.175000,off,0.000000,DTCS,88.5,88.5,251,NN,251,Tone->Tone,NFM,5.00,,5.0W,,,,,
232,NXS 32-1,460.025000,off,0.000000,TSQL,88.5,173.8,023,NN,023,Tone->Tone,NFM,5.00,,5.0W,,,,,
235,NXS 35-1,458.425000,off,0.000000,TSQL,88.5,94.8,023,NN,023,Tone->Tone,NFM,5.00,,5.0W,,,,,
236,NXS 36-1,456.625000,off,0.000000,TSQL,88.5,107.2,023,NN,023,Tone->Tone,NFM,5.00,,5.0W,,,,,
238,NXS 38-1,460.387500,off,0.000000,DTCS,88.5,88.5,346,NN,346,Tone->Tone,NFM,5.00,,5.0W,,,,,
239,NXS 39-1,457.012500,off,0.000000,DTCS,88.5,88.5,261,NN,261,Tone->Tone,NFM,5.00,,5.0W,,,,,
241,NXS 41-1,451.375000,off,0.000000,TSQL,88.5,97.4,023,NN,023,Tone->Tone,NFM,5.00,,5.0W,,,,,
242,NXS 42-1,469.712500,off,0.000000,TSQL,88.5,141.3,023,NN,023,Tone->Tone,NFM,5.00,,5.0W,,,,,
244,NXS 44-1,453.375000,off,0.000000,TSQL,88.5,127.3,023,NN,023,Tone->Tone,NFM,5.00,,5.0W,,,,,
245,NXS 45-1,459.912500,off,0.000000,DTCS,88.5,88.5,731,NN,731,Tone->Tone,NFM,5.00,,5.0W,,,,,
248,NXS 48-1,468.537500,off,0.000000,DTCS,88.5,88.5,116,NN,116,Tone->Tone,NFM,5.00,,5.0W,,,,,
250,NXS 50-1,469.637500,off,0.000000,DTCS,88.5,88.5,72,NN,72,Tone->Tone,NFM,5.00,,5.0W,,,,,
251,NXS 51-1,469.187500,off,0.000000,TSQL,88.5,162.2,023,NN,023,Tone->Tone,NFM,5.00,,5.0W,,,,,
253,NXS 53-1,461.475000,off,0.000000,TSQL,88.5,118.8,023,NN,023,Tone->Tone,NFM,5.00,,5.0W,,,,,
254,NXS 54-1,464.700000,off,0.000000,DTCS,88.5,88.5,165,NN,165,Tone->Tone,NFM,5.00,,5.0W,,,,,
266,NXS 66-1,467.187500,off,0.000000,DTCS,88.5,88.5,351,NN,351,Tone->Tone,NFM,5.00,,5.0W,,,,,
270,NXS 70-1,461.875000,off,0.000000,DTCS,88.5,88.5,612,NN,612,Tone->Tone,NFM,5.00,,5.0W,,,,,
271,NXS 71-1,463.375000,off,0.000000,DTCS,88.5,88.5,156,NN,156,Tone->Tone,NFM,5.00,,5.0W,,,,,
274,NXS 74-1,461.750000,off,0.000000,TSQL,88.5,123.0,023,NN,023,Tone->Tone,NFM,5.00,,5.0W,,,,,
276,NXS 76-1,464.400000,off,0.000000,DTCS,88.5,88.5,74,NN,74,Tone->Tone,NFM,5.00,,5.0W,,,,,
278,NXS 78-1,467.587500,off,0.000000,DTCS,88.5,88.5,627,NN,627,Tone->Tone,NFM,5.00,,5.0W,,,,,
287,NXS 87-1,465.725000,off,0.000000,DTCS,88.5,88.5,243,NN,243,Tone->Tone,NFM,5.00,,5.0W,,,,,
288,NXS 88-1,466.337500,off,0.000000,DTCS,88.5,88.5,732,NN,732,Tone->Tone,NFM,5.00,,5.0W,,,,,
291,NXS 91-1,463.375000,off,0.000000,DTCS,88.5,88.5,156,NN,156,Tone->Tone,NFM,5.00,,5.0W,,,,,
292,NXS 92-1,463.062500,off,0.000000,TSQL,88.5,77.0,023,NN,023,Tone->Tone,NFM,5.00,,5.0W,,,,,
297,NXS 97-1,459.575000,off,0.000000,DTCS,88.5,88.5,734,NN,734,Tone->Tone,NFM,5.00,,5.0W,,,,,
299,NXS 99-1,460.100000,off,0.000000,DTCS,88.5,88.5,412,NN,412,Tone->Tone,NFM,5.00,,5.0W,,,,,
300,TV CREW CHIEF,464.487500,off,0.000000,DTCS,88.5,88.5,606,NN,606,Tone->Tone,NFM,5.00,,5.0W,,,,,
301,NXS 1-2,453.187500,off,0.000000,TSQL,88.5,179.9,023,NN,023,Tone->Tone,NFM,5.00,,5.0W,,,,,
302,NXS 2-2,464.462500,off,0.000000,DTCS,88.5,88.5,632,NN,632,Tone->Tone,NFM,5.00,,5.0W,,,,,
303,NXS 07-2,467.712500,off,0.000000,DTCS,88.5,88.5,244,NN,244,Tone->Tone,NFM,5.00,,5.0W,,,,,
304,NXS 4-2,451.062500,off,0.000000,TSQL,88.5,210.7,023,NN,023,Tone->Tone,NFM,5.00,,5.0W,,,,,
305,NXS 5-2,457.212500,off,0.000000,DTCS,88.5,88.5,131,NN,131,Tone->Tone,NFM,5.00,,5.0W,,,,,
306,NXS 6-2,469.412500,off,0.000000,DTCS,88.5,88.5,65,NN,65,Tone->Tone,NFM,5.00,,5.0W,,,,,
307,NXS 7-2,459.162500,off,0.000000,TSQL,88.5,67.0,023,NN,023,Tone->Tone,NFM,5.00,,5.0W,,,,,
308,NXS 8-2,468.312500,off,0.000000,DTCS,88.5,88.5,445,NN,445,Tone->Tone,NFM,5.00,,5.0W,,,,,
309,NXS 9-2,464.112500,off,0.000000,TSQL,88.5,131.8,023,NN,023,Tone->Tone,NFM,5.00,,5.0W,,,,,
310,NXS 10-2,462.750000,off,0.000000,DTCS,88.5,88.5,315,NN,315,Tone->Tone,NFM,5.00,,5.0W,,,,,
311,NXS 11-2,459.750000,off,0.000000,DTCS,88.5,88.5,172,NN,172,Tone->Tone,NFM,5.00,,5.0W,,,,,
312,NXS 00-2,452.837500,off,0.000000,DTCS,88.5,88.5,315,NN,315,Tone->Tone,NFM,5.00,,5.0W,,,,,
313,NXS 13-2,452.925000,off,0.000000,TSQL,88.5,71.9,023,NN,023,Tone->Tone,NFM,5.00,,5.0W,,,,,
314,NXS 14-2,463.787500,off,0.000000,DTCS,88.5,88.5,143,NN,143,Tone->Tone,NFM,5.00,,5.0W,,,,,
316,NXS 16-2,465.375000,off,0.000000,TSQL,88.5,85.4,023,NN,023,Tone->Tone,NFM,5.00,,5.0W,,,,,
317,NXS 17-2,458.837500,off,0.000000,DTCS,88.5,88.5,162,NN,162,Tone->Tone,NFM,5.00,,5.0W,,,,,
318,NXS 18-2,451.850000,off,0.000000,DTCS,88.5,88.5,465,NN,465,Tone->Tone,NFM,5.00,,5.0W,,,,,
319,NXS 19-2,451.300000,off,0.000000,DTCS,88.5,88.5,122,NN,122,Tone->Tone,NFM,5.00,,5.0W,,,,,
320,NXS 20-2,464.087500,off,0.000000,DTCS,88.5,88.5,712,NN,712,Tone->Tone,NFM,5.00,,5.0W,,,,,
321,NXS 21-2,457.462500,off,0.000000,TSQL,88.5,88.5,023,NN,023,Tone->Tone,NFM,5.00,,5.0W,,,,,
325,NXS 25-2,467.312500,off,0.000000,DTCS,88.5,88.5,174,NN,174,Tone->Tone,NFM,5.00,,5.0W,,,,,
326,NXS 26-2,451.412500,off,0.000000,TSQL,88.5,156.7,023,NN,023,Tone->Tone,NFM,5.00,,5.0W,,,,,
327,NXS 27-2,462.437500,off,0.000000,TSQL,88.5,156.7,023,NN,023,Tone->Tone,NFM,5.00,,5.0W,,,,,
328,NXS 28-2,469.662500,off,0.000000,TSQL,88.5,100.0,023,NN,023,Tone->Tone,NFM,5.00,,5.0W,,,,,
330,NXS 30-2,458.237500,off,0.000000,DTCS,88.5,88.5,343,NN,343,Tone->Tone,NFM,5.00,,5.0W,,,,,
331,NXS 31-2,465.775000,off,0.000000,DTCS,88.5,88.5,43,NN,43,Tone->Tone,NFM,5.00,,5.0W,,,,,
332,NXS 32-2,462.962500,off,0.000000,TSQL,88.5,167.9,023,NN,023,Tone->Tone,NFM,5.00,,5.0W,,,,,
335,NXS 35-2,463.310000,off,0.000000,DTCS,88.5,88.5,331,NN,331,Tone->Tone,NFM,5.00,,5.0W,,,,,
336,NXS 36-2,451.937500,off,0.000000,,88.5,88.5,023,NN,023,Tone->Tone,NFM,5.00,,5.0W,,,,,
339,NXS 39-2,457.337500,off,0.000000,DTCS,88.5,88.5,244,NN,244,Tone->Tone,NFM,5.00,,5.0W,,,,,
341,NXS 41-2,468.062500,off,0.000000,DTCS,88.5,88.5,412,NN,412,Tone->Tone,NFM,5.00,,5.0W,,,,,
342,NXS 42-2,468.525000,off,0.000000,TSQL,88.5,127.3,023,NN,023,Tone->Tone,NFM,5.00,,5.0W,,,,,
344,NXS 44-2,458.637500,off,0.000000,DTCS,88.5,88.5,662,NN,662,Tone->Tone,NFM,5.00,,5.0W,,,,,
345,NXS 45-2,462.945000,off,0.000000,TSQL,88.5,146.2,023,NN,023,Tone->Tone,NFM,5.00,,5.0W,,,,,
348,NXS 48-2,457.962500,off,0.000000,DTCS,88.5,88.5,546,NN,546,Tone->Tone,NFM,5.00,,5.0W,,,,,
350,NXS 50-2,462.012500,off,0.000000,TSQL,88.5,141.3,023,NN,023,Tone->Tone,NFM,5.00,,5.0W,,,,,
351,NXS 51-2,468.725000,off,0.000000,TSQL,88.5,110.9,023,NN,023,Tone->Tone,NFM,5.00,,5.0W,,,,,
353,NXS 53-2,463.087500,off,0.000000,DTCS,88.5,88.5,631,NN,631,Tone->Tone,NFM,5.00,,5.0W,,,,,
354,NXS 54-2,464.650000,off,0.000000,DTCS,88.5,88.5,72,NN,72,Tone->Tone,NFM,5.00,,5.0W,,,,,
366,NXS 66-2,451.062500,off,0.000000,TSQL,88.5,210.7,023,NN,023,Tone->Tone,NFM,5.00,,5.0W,,,,,
370,NXS 70-2,461.925000,off,0.000000,DTCS,88.5,88.5,371,NN,371,Tone->Tone,NFM,5.00,,5.0W,,,,,
371,NXS 71-2,462.837500,off,0.000000,DTCS,88.5,88.5,156,NN,156,Tone->Tone,NFM,5.00,,5.0W,,,,,
374,NXS 74-2,470.000000,off,0.000000,TSQL,88.5,123.0,023,NN,023,Tone->Tone,NFM,5.00,,5.0W,,,,,
376,NXS 76-2,464.262500,off,0.000000,DTCS,88.5,88.5,116,NN,116,Tone->Tone,NFM,5.00,,5.0W,,,,,
378,NXS 78-2,466.365000,off,0.000000,TSQL,88.5,107.2,023,NN,023,Tone->Tone,NFM,5.00,,5.0W,,,,,
388,NXS 88-2,451.750000,off,0.000000,TSQL,88.5,162.2,023,NN,023,Tone->Tone,NFM,5.00,,5.0W,,,,,
391,NXS 91-2,462.837500,off,0.000000,DTCS,88.5,88.5,156,NN,156,Tone->Tone,NFM,5.00,,5.0W,,,,,
392,NSX 92-2,461.375000,off,0.000000,DTCS,88.5,88.5,23,NN,23,Tone->Tone,NFM,5.00,,5.0W,,,,,
397,NXS 97-2,465.962500,off,0.000000,DTCS,88.5,88.5,155,NN,155,Tone->Tone,NFM,5.00,,5.0W,,,,,
399,NXS 99-2,465.537500,off,0.000000,TSQL,88.5,241.8,023,NN,023,Tone->Tone,NFM,5.00,,5.0W,,,,,
401,TRK 1-1,460.625000,off,0.000000,DTCS,88.5,88.5,506,NN,506,Tone->Tone,NFM,5.00,,5.0W,,,,,
402,TRK 2-1,462.125000,off,0.000000,DTCS,88.5,88.5,125,NN,125,Tone->Tone,NFM,5.00,,5.0W,,,,,
404,TRK 04-1,451.387500,off,0.000000,DTCS,88.5,88.5,156,NN,156,Tone->Tone,NFM,5.00,,5.0W,,,,,
405,TRK 5-1,468.512500,off,0.000000,DTCS,88.5,88.5,631,NN,631,Tone->Tone,NFM,5.00,,5.0W,,,,,
406,TRK 02-1,456.150000,off,0.000000,DTCS,88.5,88.5,743,NN,743,Tone->Tone,NFM,5.00,,5.0W,,,,,
407,TRK 7-1,462.375000,off,0.000000,DTCS,88.5,88.5,244,NN,244,Tone->Tone,NFM,5.00,,5.0W,,,,,
409,TRK 9-1,451.625000,off,0.000000,DTCS,88.5,88.5,172,NN,172,Tone->Tone,NFM,5.00,,5.0W,,,,,
410,TRK 10-1,464.275000,off,0.000000,TSQL,88.5,136.5,023,NN,023,Tone->Tone,NFM,5.00,,5.0W,,,,,
411,TRK 11-1,463.737500,off,0.000000,DTCS,88.5,88.5,662,NN,662,Tone->Tone,NFM,5.00,,5.0W,,,,,
413,TRK 13-1,460.512500,off,0.000000,DTCS,88.5,88.5,325,NN,325,Tone->Tone,NFM,5.00,,5.0W,,,,,
415,TRK 15-1,458.662500,off,0.000000,DTCS,88.5,88.5,712,NN,712,Tone->Tone,NFM,5.00,,5.0W,,,,,
417,TRK 17-1,460.775000,off,0.000000,DTCS,88.5,88.5,612,NN,612,Tone->Tone,NFM,5.00,,5.0W,,,,,
418,TRK 18-1,456.825000,off,0.000000,DTCS,88.5,88.5,466,NN,466,Tone->Tone,NFM,5.00,,5.0W,,,,,
419,TRK 19-1,452.362500,off,0.000000,DTCS,88.5,88.5,565,NN,565,Tone->Tone,NFM,5.00,,5.0W,,,,,
421,TRK 21-1,468.637500,off,0.000000,,88.5,88.5,023,NN,023,Tone->Tone,NFM,5.00,,5.0W,,,,,
422,TRK 22-1,456.662500,off,0.000000,DTCS,88.5,88.5,723,NN,723,Tone->Tone,NFM,5.00,,5.0W,,,,,
425,TRK 25-1,464.562500,off,0.000000,TSQL,88.5,123.0,023,NN,023,Tone->Tone,NFM,5.00,,5.0W,,,,,
426,TRK 26-1,459.812500,off,0.000000,DTCS,88.5,88.5,732,NN,732,Tone->Tone,NFM,5.00,,5.0W,,,,,
427,TRK 27-1,463.362500,off,0.000000,DTCS,88.5,88.5,47,NN,47,Tone->Tone,NFM,5.00,,5.0W,,,,,
428,TRK 28-1,452.112500,off,0.000000,TSQL,88.5,210.7,023,NN,023,Tone->Tone,NFM,5.00,,5.0W,,,,,
432,TRK 32-1,456.025000,off,0.000000,TSQL,88.5,210.7,023,NN,023,Tone->Tone,NFM,5.00,,5.0W,,,,,
433,TRK 33-1,460.475000,off,0.000000,TSQL,88.5,203.5,023,NN,023,Tone->Tone,NFM,5.00,,5.0W,,,,,
434,TRK 34-1,463.312500,off,0.000000,DTCS,88.5,88.5,703,NN,703,Tone->Tone,NFM,5.00,,5.0W,,,,,
436,TRK 36-1,452.987500,off,0.000000,DTCS,88.5,88.5,432,NN,432,Tone->Tone,NFM,5.00,,5.0W,,,,,
438,TRK 38-1,467.850000,off,0.000000,DTCS,88.5,88.5,351,NN,351,Tone->Tone,NFM,5.00,,5.0W,,,,,
441,TRK 41-1,462.987500,off,0.000000,TSQL,88.5,107.2,023,NN,023,Tone->Tone,NFM,5.00,,5.0W,,,,,
442,TRK 42-1,468.712500,off,0.000000,DTCS,88.5,88.5,134,NN,134,Tone->Tone,Auto,5.00,,5.0W,,,,,
443,TRK 43-1,457.287500,off,0.000000,TSQL,88.5,82.5,023,NN,023,Tone->Tone,NFM,5.00,,5.0W,,,,,
444,TRK 44-1,451.437500,off,0.000000,DTCS,88.5,88.5,54,NN,54,Tone->Tone,NFM,5.00,,5.0W,,,,,
445,TRK 45-1,463.725000,off,0.000000,DTCS,88.5,88.5,114,NN,114,Tone->Tone,NFM,5.00,,5.0W,,,,,
446,TRK 46-1,451.437500,off,0.000000,DTCS,88.5,88.5,54,NN,54,Tone->Tone,NFM,5.00,,5.0W,,,,,
452,TRK 52-1,468.162500,off,0.000000,DTCS,88.5,88.5,624,NN,624,Tone->Tone,NFM,5.00,,5.0W,,,,,
456,TRK 56-1,451.562500,off,0.000000,DTCS,88.5,88.5,371,NN,371,Tone->Tone,NFM,5.00,,5.0W,,,,,
461,TRK 61-1,452.575000,off,0.000000,TSQL,88.5,110.9,023,NN,023,Tone->Tone,NFM,5.00,,5.0W,,,,,
466,TRK 66-1,456.937500,off,0.000000,DTCS,88.5,88.5,53,NN,53,Tone->Tone,NFM,5.00,,5.0W,,,,,
471,TRK 71-1,469.587500,off,0.000000,DTCS,88.5,88.5,134,NN,134,Tone->Tone,NFM,5.00,,5.0W,,,,,
475,TRK 75-1,462.075000,off,0.000000,TSQL,88.5,131.8,023,NN,023,Tone->Tone,NFM,5.00,,5.0W,,,,,
476,TRK 76-1,467.662500,off,0.000000,DTCS,88.5,88.5,155,NN,155,Tone->Tone,NFM,5.00,,5.0W,,,,,
477,TRK 77-1,468.400000,off,0.000000,TSQL,88.5,97.4,023,NN,023,Tone->Tone,NFM,5.00,,5.0W,,,,,
484,TRK 84-1,466.700000,off,0.000000,TSQL,88.5,225.7,023,NN,023,Tone->Tone,NFM,5.00,,5.0W,,,,,
488,TRK 88-1,461.675000,off,0.000000,DTCS,88.5,88.5,226,NN,226,Tone->Tone,NFM,5.00,,5.0W,,,,,
490,TRK 90-1,461.325000,off,0.000000,DTCS,88.5,88.5,731,NN,731,Tone->Tone,NFM,5.00,,5.0W,,,,,
491,TRK 91-1,466.625000,off,0.000000,DTCS,88.5,88.5,115,NN,115,Tone->Tone,NFM,5.00,,5.0W,,,,,
497,TRK 97-1,451.037500,off,0.000000,DTCS,88.5,88.5,632,NN,632,Tone->Tone,NFM,5.00,,5.0W,,,,,
498,TRK 98-1,457.025000,off,0.000000,DTCS,88.5,88.5,431,NN,431,Tone->Tone,NFM,5.00,,5.0W,,,,,
499,TRK 99-1,468.687500,off,0.000000,DTCS,88.5,88.5,311,NN,311,Tone->Tone,NFM,5.00,,5.0W,,,,,
